date,state,fips,cases,deaths
2020-03-15,Guam,66,3,0
2020-03-16,Guam,66,3,0
2020-03-17,Guam,66,3,0
2020-03-18,Guam,66,8,0
2020-03-19,Guam,66,12,0
2020-03-20,Guam,66,14,0
2020-03-21,Guam,66,15,0
2020-03-22,Guam,66,27,1
2020-03-23,Guam,66,29,1
2020-03-24,Guam,66,32,1
2020-03-25,Guam,66,32,1
2020-03-26,Guam,66,49,1
2020-03-27,Guam,66,53,1
2020-03-28,Guam,66,57,1
2020-03-29,Guam,66,58,1
2020-03-30,Guam,66,60,1
2020-03-31,Guam,66,139,2
2020-04-01,Guam,66,147,3
2020-04-02,Guam,66,152,3
2020-04-03,Guam,66,154,4
2020-04-04,Guam,66,223,4
2020-04-05,Guam,66,265,4
2020-04-06,Guam,66,266,4
2020-04-07,Guam,66,274,4
2020-04-08,Guam,66,409,4
2020-04-09,Guam,66,542,4
2020-04-10,Guam,66,577,4
2020-04-11,Guam,66,681,5
2020-04-12,Guam,66,716,5
2020-04-13,Guam,66,719,6
2020-04-14,Guam,66,721,6
2020-04-15,Guam,66,750,6
2020-04-16,Guam,66,790,6
2020-04-17,Guam,66,796,6
2020-04-18,Guam,66,805,6
2020-04-19,Guam,66,808,6
2020-04-20,Guam,66,811,6
2020-04-21,Guam,66,852,6
2020-04-22,Guam,66,911,6
2020-04-23,Guam,66,979,6
2020-04-24,Guam,66,997,6
2020-04-25,Guam,66,997,6
2020-04-26,Guam,66,997,6
2020-04-27,Guam,66,1113,6
2020-04-28,Guam,66,1114,6
2020-04-29,Guam,66,1114,6
2020-04-30,Guam,66,1115,6
2020-05-01,Guam,66,1115,6
2020-05-02,Guam,66,1117,6
2020-05-03,Guam,66,1118,6
2020-05-04,Guam,66,1118,6
2020-05-05,Guam,66,1118,6
2020-05-06,Guam,66,1118,6
2020-05-07,Guam,66,1118,6
2020-05-08,Guam,66,1120,6
2020-05-09,Guam,66,1120,6
2020-05-10,Guam,66,1120,6
2020-05-11,Guam,66,1120,6
2020-05-12,Guam,66,1121,6
2020-05-13,Guam,66,1121,6
2020-05-14,Guam,66,1121,6
2020-05-15,Guam,66,1123,6
2020-05-16,Guam,66,1123,6
2020-05-17,Guam,66,1123,6
2020-05-18,Guam,66,1123,6
2020-05-19,Guam,66,1123,6
2020-05-20,Guam,66,1134,6
2020-05-21,Guam,66,1134,6
2020-05-22,Guam,66,1134,6
2020-05-23,Guam,66,1134,6
2020-05-24,Guam,66,1135,6
2020-05-25,Guam,66,1135,6
2020-05-26,Guam,66,1139,6
2020-05-27,Guam,66,1140,6
2020-05-28,Guam,66,1141,6
2020-05-29,Guam,66,1141,6
2020-05-30,Guam,66,1141,6
2020-05-31,Guam,66,1144,6
2020-06-01,Guam,66,1144,6
2020-06-02,Guam,66,1146,6
2020-06-03,Guam,66,1146,6
2020-06-04,Guam,66,1148,6
2020-06-05,Guam,66,1148,6
2020-06-06,Guam,66,1148,6
2020-06-07,Guam,66,1148,6
2020-06-08,Guam,66,1149,6
2020-06-09,Guam,66,1149,6
2020-06-10,Guam,66,1149,6
2020-06-11,Guam,66,1152,6
2020-06-12,Guam,66,1153,6
2020-06-13,Guam,66,1154,6
2020-06-14,Guam,66,1154,6
2020-06-15,Guam,66,1155,6
2020-06-16,Guam,66,1155,6
2020-06-17,Guam,66,1157,6
2020-06-18,Guam,66,1162,6
2020-06-19,Guam,66,1169,6
2020-06-20,Guam,66,1191,6
2020-06-21,Guam,66,1191,6
2020-06-22,Guam,66,1191,6
2020-06-23,Guam,66,1194,6
2020-06-24,Guam,66,1200,6
2020-06-25,Guam,66,1214,6
2020-06-26,Guam,66,1217,6
2020-06-27,Guam,66,1217,6
2020-06-28,Guam,66,1217,6
2020-06-29,Guam,66,1224,6
2020-06-30,Guam,66,1228,6
2020-07-01,Guam,66,1240,6
2020-07-02,Guam,66,1249,6
2020-07-03,Guam,66,1255,6
2020-07-04,Guam,66,1257,6
2020-07-05,Guam,66,1257,6
2020-07-06,Guam,66,1270,6
2020-07-07,Guam,66,1272,6
2020-07-08,Guam,66,1276,6
2020-07-09,Guam,66,1278,6
2020-07-10,Guam,66,1279,6
2020-07-11,Guam,66,1281,6
2020-07-12,Guam,66,1281,6
2020-07-13,Guam,66,1281,6
2020-07-14,Guam,66,1281,6
2020-07-15,Guam,66,1282,6
2020-07-16,Guam,66,1283,6
2020-07-17,Guam,66,1283,6
2020-07-18,Guam,66,1284,6
2020-07-19,Guam,66,1284,6
2020-07-20,Guam,66,1288,6
2020-07-21,Guam,66,1296,6
2020-07-22,Guam,66,1299,6
2020-07-23,Guam,66,1301,6
2020-07-24,Guam,66,1306,6
2020-07-25,Guam,66,1306,6
2020-07-26,Guam,66,1306,6
2020-07-27,Guam,66,1315,6
2020-07-28,Guam,66,1318,6
2020-07-29,Guam,66,1320,6
2020-07-30,Guam,66,1323,6
2020-07-31,Guam,66,1325,6
2020-08-01,Guam,66,1328,6
2020-08-02,Guam,66,1328,6
2020-08-03,Guam,66,1337,6
2020-08-04,Guam,66,1344,6
2020-08-05,Guam,66,1358,6
2020-08-06,Guam,66,1366,6
2020-08-07,Guam,66,1380,6
2020-08-08,Guam,66,1381,6
2020-08-09,Guam,66,1381,6
2020-08-10,Guam,66,1387,6
2020-08-11,Guam,66,1403,6
2020-08-12,Guam,66,1418,6
2020-08-13,Guam,66,1446,6
2020-08-14,Guam,66,1471,6
2020-08-15,Guam,66,1471,6
2020-08-16,Guam,66,1471,6
2020-08-17,Guam,66,1527,6
2020-08-18,Guam,66,1546,6
2020-08-19,Guam,66,1568,6
2020-08-20,Guam,66,1673,7
2020-08-21,Guam,66,1736,7
2020-08-22,Guam,66,1736,7
2020-08-23,Guam,66,1736,7
2020-08-24,Guam,66,1876,8
2020-08-25,Guam,66,1953,8
2020-08-26,Guam,66,2089,10
2020-08-27,Guam,66,2201,10
2020-08-28,Guam,66,2256,11
2020-08-29,Guam,66,2256,11
2020-08-30,Guam,66,2256,11
2020-08-31,Guam,66,2364,11
2020-09-01,Guam,66,2416,14
2020-09-02,Guam,66,2463,14
2020-09-03,Guam,66,2529,14
2020-09-04,Guam,66,2588,15
2020-09-05,Guam,66,2640,16
2020-09-06,Guam,66,2588,17
2020-09-07,Guam,66,2588,19
2020-09-08,Guam,66,2682,20
2020-09-09,Guam,66,2727,21
2020-09-10,Guam,66,2815,22
2020-09-11,Guam,66,2832,24
2020-09-12,Guam,66,2832,24
2020-09-13,Guam,66,2832,24
2020-09-14,Guam,66,2896,27
2020-09-15,Guam,66,2935,29
2020-09-16,Guam,66,2982,29
2020-09-17,Guam,66,3014,31
2020-09-18,Guam,66,3043,34
2020-09-19,Guam,66,3043,35
2020-09-20,Guam,66,3043,35
2020-09-21,Guam,66,3116,36
2020-09-22,Guam,66,3159,38
2020-09-23,Guam,66,3204,38
2020-09-24,Guam,66,3232,39
2020-09-25,Guam,66,3255,40
2020-09-26,Guam,66,3255,40
2020-09-27,Guam,66,3255,40
2020-09-28,Guam,66,3255,40
2020-09-29,Guam,66,3412,48
2020-09-30,Guam,66,3457,50
2020-10-01,Guam,66,3519,50
2020-10-02,Guam,66,3586,51
2020-10-03,Guam,66,3668,52
2020-10-04,Guam,66,3586,53
2020-10-05,Guam,66,3722,56
2020-10-06,Guam,66,3787,56
2020-10-07,Guam,66,3837,58
2020-10-08,Guam,66,3903,59
2020-10-09,Guam,66,3958,59
2020-10-10,Guam,66,4025,60
2020-10-11,Guam,66,4047,61
2020-10-12,Guam,66,4139,61
2020-10-13,Guam,66,4235,62
2020-10-14,Guam,66,4310,62
2020-10-15,Guam,66,4396,62
2020-10-16,Guam,66,4507,64
2020-10-17,Guam,66,4507,64
2020-10-18,Guam,66,4507,64
2020-10-19,Guam,66,4725,67
2020-10-20,Guam,66,4855,67
2020-10-21,Guam,66,4937,69
2020-10-22,Guam,66,5025,70
2020-10-23,Guam,66,5110,70
2020-10-24,Guam,66,5144,72
2020-10-25,Guam,66,5185,72
2020-10-26,Guam,66,5305,76
2020-10-27,Guam,66,5387,76
2020-10-28,Guam,66,5435,77
2020-10-29,Guam,66,5518,79
2020-10-30,Guam,66,5597,80
2020-10-31,Guam,66,5650,80
2020-11-01,Guam,66,5659,80
2020-11-02,Guam,66,5662,80
2020-11-03,Guam,66,5781,81
2020-11-04,Guam,66,5872,84
2020-11-05,Guam,66,5973,84
2020-11-06,Guam,66,6046,89
2020-11-07,Guam,66,6046,89
2020-11-08,Guam,66,6046,89
2020-11-09,Guam,66,6442,91
2020-11-10,Guam,66,6623,92
2020-11-11,Guam,66,6724,92
2020-11-12,Guam,66,6819,92
2020-11-13,Guam,66,6893,93
2020-11-14,Guam,66,6893,93
2020-11-15,Guam,66,6893,93
2020-11-16,Guam,66,7144,99
2020-11-17,Guam,66,7203,101
2020-11-18,Guam,66,7315,101
2020-11-19,Guam,66,7385,102
2020-11-20,Guam,66,7421,104
2020-11-21,Guam,66,7421,104
2020-11-22,Guam,66,7518,107
2020-11-23,Guam,66,7571,107
2020-11-24,Guam,66,7624,108
2020-11-25,Guam,66,7674,110
2020-11-26,Guam,66,7717,112
2020-11-27,Guam,66,7737,113
2020-11-28,Guam,66,7751,113
